{"referredEntities":{},"entity":{"typeName":"m4i_gov_data_quality","attributes":{"owner":null,"archimateReference":[],"expression":"completeness('definition')","replicatedTo":null,"userDescription":null,"replicatedFrom":null,"qualifiedName":"m4i_data_entity--definition","displayName":null,"description":null,"active":true,"source":[],"ruleDescription":"A data entity should have a definition","nonCompliantMessage":"This data entity should have a definition","ruleType":"attribute","name":"Data entity has a definition","compliantMessage":"This data entity has a definition","id":2,"qualityDimension":"completeness","typeAlias":null,"expressionVersion":"1"},"guid":"058e58f5-4983-4bdf-bc3c-989d14ecef53","isIncomplete":false,"provenanceType":0,"status":"ACTIVE","createdBy":"admin","updatedBy":"atlas","createTime":1656522427794,"updateTime":1732524242644,"version":0,"relationshipAttributes":{"inputToProcesses":[],"pipeline":null,"schema":[],"ArchiMateReference":[],"model":null,"source":[],"meanings":[],"outputFromProcesses":[]},"labels":[],"proxy":false}}