{"referredEntities":{},"entity":{"typeName":"m4i_gov_data_quality","attributes":{"owner":null,"archimateReference":[],"expression":"length('businessOwner', 1)","replicatedTo":null,"userDescription":null,"replicatedFrom":null,"qualifiedName":"m4i_data_attribute--businessOwner","displayName":null,"description":null,"active":true,"source":[],"ruleDescription":"A data attribute should have at least one data owner","nonCompliantMessage":"This data attribute should have at least one data owner","ruleType":"relationship","name":"Data attribute has an owner","compliantMessage":"This data attribute has at least one data owner","id":8,"qualityDimension":"completeness","typeAlias":null,"expressionVersion":"1"},"guid":"18ac4a3b-3aec-4e62-8ff7-47f96c74e90d","isIncomplete":false,"provenanceType":0,"status":"ACTIVE","createdBy":"admin","updatedBy":"atlas","createTime":1656522427794,"updateTime":1732524242644,"version":0,"relationshipAttributes":{"inputToProcesses":[],"pipeline":null,"schema":[],"ArchiMateReference":[],"model":null,"source":[],"meanings":[],"outputFromProcesses":[]},"labels":[],"proxy":false}}