{"referredEntities":{},"entity":{"typeName":"m4i_gov_data_quality","attributes":{"owner":null,"archimateReference":[],"expression":"length('collections', 1)","replicatedTo":null,"userDescription":null,"replicatedFrom":null,"qualifiedName":"m4i_system--collections","displayName":null,"description":null,"active":true,"source":[],"ruleDescription":"A system should have at least one collection","nonCompliantMessage":"This system should have at least one collection","ruleType":"relationship","name":"System has a collection","compliantMessage":"This entity has a collections","id":2,"qualityDimension":"completeness","typeAlias":null,"expressionVersion":"1"},"guid":"1afbce14-aebe-4c3f-beba-562ee4aa86b1","isIncomplete":false,"provenanceType":0,"status":"ACTIVE","createdBy":"admin","updatedBy":"atlas","createTime":1656522427794,"updateTime":1732524242644,"version":0,"relationshipAttributes":{"inputToProcesses":[],"pipeline":null,"schema":[],"ArchiMateReference":[],"model":null,"source":[],"meanings":[],"outputFromProcesses":[]},"labels":[],"proxy":false}}