{"referredEntities":{},"entity":{"typeName":"m4i_gov_data_quality","attributes":{"owner":null,"archimateReference":[],"expression":"length('dataEntity', 1)","replicatedTo":null,"userDescription":null,"replicatedFrom":null,"qualifiedName":"m4i_data_domain--dataEntity","displayName":null,"description":null,"active":true,"source":[],"ruleDescription":"A data domain should have at least one data entity","nonCompliantMessage":"This data domain should have at least one data entity","ruleType":"relationship","name":"Data domain has a data entity","compliantMessage":"This data domain has at least one data entity","id":4,"qualityDimension":"completeness","typeAlias":null,"expressionVersion":"1"},"guid":"261ffe99-fdbb-456f-8e6c-6fad87c448df","isIncomplete":false,"provenanceType":0,"status":"ACTIVE","createdBy":"admin","updatedBy":"atlas","createTime":1656522427794,"updateTime":1732524242644,"version":0,"relationshipAttributes":{"inputToProcesses":[],"pipeline":null,"schema":[],"ArchiMateReference":[],"model":null,"source":[],"meanings":[],"outputFromProcesses":[]},"labels":[],"proxy":false}}