{
    "referredEntities": {},
    "entity": {
        "typeName": "m4i_gov_data_quality",
        "attributes": {
            "owner": null,
            "archimateReference": [],
            "expression": "conditional_value('target_relationship_type', 'source_typename', {'m4i_data_entity_assignment':'m4i_data_entity'})",
            "replicatedTo": null,
            "userDescription": null,
            "replicatedFrom": null,
            "qualifiedName": "m4i_data_entity--dataDomain--source",
            "displayName": "Data entity belongs to a data domain or data entity",
            "description": null,
            "active": true,
            "source": [],
            "ruleDescription": "A data entity should belong to at least one data domain or data entity",
            "nonCompliantMessage": "This data entity should have at least one data domain or data entity",
            "ruleType": "relationship",
            "name": "m4i_data_entity--dataDomain--source",
            "compliantMessage": "This data entity has at least one data domain or data entity",
            "id": 7,
            "qualityDimension": "completeness",
            "typeAlias": null,
            "expressionVersion": "1"
        },
        "guid": "3cb9ab0b-050c-40db-9f12-f136045a77a0",
        "isIncomplete": false,
        "provenanceType": 0,
        "status": "ACTIVE",
        "createdBy": "admin",
        "updatedBy": "atlas",
        "createTime": 1656522427794,
        "updateTime": 1732524242644,
        "version": 0,
        "relationshipAttributes": {
            "inputToProcesses": [],
            "pipeline": null,
            "schema": [],
            "ArchiMateReference": [],
            "model": null,
            "source": [],
            "meanings": [],
            "outputFromProcesses": []
        },
        "labels": [],
        "proxy": false
    }
}