{"referredEntities":{},"entity":{"typeName":"m4i_gov_data_quality","attributes":{"owner":null,"archimateReference":[],"expression":"length('datasets', 1)","replicatedTo":null,"userDescription":null,"replicatedFrom":null,"qualifiedName":"m4i_collection--datasets","displayName":null,"description":null,"active":true,"source":[],"ruleDescription":"A collection should have at least one dataset","nonCompliantMessage":"This collection should have at least one dataset","ruleType":"relationship","name":"Collection has a dataset","compliantMessage":"This collection has at least one dataset","id":3,"qualityDimension":"completeness","typeAlias":null,"expressionVersion":"1"},"guid":"69c6a273-9255-4454-ba81-e58cf1a1d055","isIncomplete":false,"provenanceType":0,"status":"ACTIVE","createdBy":"admin","updatedBy":"atlas","createTime":1656522427794,"updateTime":1732524242644,"version":0,"relationshipAttributes":{"inputToProcesses":[],"pipeline":null,"schema":[],"ArchiMateReference":[],"model":null,"source":[],"meanings":[],"outputFromProcesses":[]},"labels":[],"proxy":false}}