{"referredEntities":{},"entity":{"typeName":"m4i_gov_data_quality","attributes":{"owner":null,"archimateReference":[],"expression":"completeness('definition')","replicatedTo":null,"userDescription":null,"replicatedFrom":null,"qualifiedName":"m4i_dataset--definition","displayName":null,"description":null,"active":true,"source":[],"ruleDescription":"A dataset should have a definition","nonCompliantMessage":"This dataset should have a definition","ruleType":"attribute","name":"Dataset has a definition","compliantMessage":"This dataset has a definition","id":1,"qualityDimension":"completeness","typeAlias":null,"expressionVersion":"1"},"guid":"7d50218c-d4a9-4533-8cc9-c312d5b37a13","isIncomplete":false,"provenanceType":0,"status":"ACTIVE","createdBy":"admin","updatedBy":"atlas","createTime":1656522427794,"updateTime":1732524242644,"version":0,"relationshipAttributes":{"inputToProcesses":[],"pipeline":null,"schema":[],"ArchiMateReference":[],"model":null,"source":[],"meanings":[],"outputFromProcesses":[]},"labels":[],"proxy":false}}