{"referredEntities":{},"entity":{"typeName":"m4i_gov_data_quality","attributes":{"owner":null,"archimateReference":[],"expression":"length('businessOwner', 1)","replicatedTo":null,"userDescription":null,"replicatedFrom":null,"qualifiedName":"m4i_data_entity--businessOwner","displayName":null,"description":null,"active":true,"source":[],"ruleDescription":"A data entity should have at least one data owner","nonCompliantMessage":"This data entity should have at least one data owner","ruleType":"relationship","name":"Data entity has a data owner","compliantMessage":"This data entity has at least one data owner","id":5,"qualityDimension":"completeness","typeAlias":null,"expressionVersion":"1"},"guid":"9f013cff-c2ea-4056-9a49-8f0cadd2c614","isIncomplete":false,"provenanceType":0,"status":"ACTIVE","createdBy":"admin","updatedBy":"atlas","createTime":1656522427794,"updateTime":1732524242644,"version":0,"relationshipAttributes":{"inputToProcesses":[],"pipeline":null,"schema":[],"ArchiMateReference":[],"model":null,"source":[],"meanings":[],"outputFromProcesses":[]},"labels":[],"proxy":false}}