{"referredEntities":{},"entity":{"typeName":"m4i_gov_data_quality","attributes":{"owner":null,"archimateReference":[],"expression":"completeness('fieldType')","replicatedTo":null,"userDescription":null,"replicatedFrom":null,"qualifiedName":"m4i_field--fieldType","displayName":null,"description":null,"active":true,"source":[],"ruleDescription":"A field should have a data type","nonCompliantMessage":"This field should have a data type","ruleType":"attribute","name":"Field has a data type","compliantMessage":"This field has a data type","id":3,"qualityDimension":"completeness","typeAlias":null,"expressionVersion":"1"},"guid":"a5965332-bb1d-4c34-90ba-0cc45948b0a4","isIncomplete":false,"provenanceType":0,"status":"ACTIVE","createdBy":"admin","updatedBy":"atlas","createTime":1656522427794,"updateTime":1732524242644,"version":0,"relationshipAttributes":{"inputToProcesses":[],"pipeline":null,"schema":[],"ArchiMateReference":[],"model":null,"source":[],"meanings":[],"outputFromProcesses":[]},"labels":[],"proxy":false}}