{"request":{"itemsToExport":[{"typeName":"DataSet","uniqueAttributes":{"qualifiedName":".*"}},{"typeName":"hive_table","uniqueAttributes":{"qualifiedName":".*"}},{"typeName":"ozone_volume","uniqueAttributes":{"qualifiedName":".*"}},{"typeName":"spark_column","uniqueAttributes":{"qualifiedName":".*"}},{"typeName":"gcp_storage_child","uniqueAttributes":{"qualifiedName":".*"}},{"typeName":"storm_node","uniqueAttributes":{"qualifiedName":".*"}},{"typeName":"m4i_data_attribute","uniqueAttributes":{"qualifiedName":".*"}},{"typeName":"Referenceable","uniqueAttributes":{"qualifiedName":".*"}},{"typeName":"spark_table","uniqueAttributes":{"qualifiedName":".*"}},{"typeName":"rdbms_column","uniqueAttributes":{"qualifiedName":".*"}},{"typeName":"Asset","uniqueAttributes":{"qualifiedName":".*"}},{"typeName":"m4i_data_domain","uniqueAttributes":{"qualifiedName":".*"}},{"typeName":"avro_collection","uniqueAttributes":{"qualifiedName":".*"}},{"typeName":"m4i_generic_process","uniqueAttributes":{"qualifiedName":".*"}},{"typeName":"adls_gen2_parent","uniqueAttributes":{"qualifiedName":".*"}},{"typeName":"aws_s3_v2_object","uniqueAttributes":{"qualifiedName":".*"}},{"typeName":"hive_column","uniqueAttributes":{"qualifiedName":".*"}},{"typeName":"spark_column_lineage","uniqueAttributes":{"qualifiedName":".*"}},{"typeName":"ml_model_deployment","uniqueAttributes":{"qualifiedName":".*"}},{"typeName":"flink_application","uniqueAttributes":{"qualifiedName":".*"}},{"typeName":"__AtlasUserSavedSearch","uniqueAttributes":{"qualifiedName":".*"}},{"typeName":"adls_gen2_account","uniqueAttributes":{"qualifiedName":".*"}},{"typeName":"gcp_storage_object","uniqueAttributes":{"qualifiedName":".*"}},{"typeName":"spark_ml_model","uniqueAttributes":{"qualifiedName":".*"}},{"typeName":"__internal","uniqueAttributes":{"qualifiedName":".*"}},{"typeName":"ml_project","uniqueAttributes":{"qualifiedName":".*"}},{"typeName":"m4i_referenceable","uniqueAttributes":{"qualifiedName":".*"}},{"typeName":"aws_s3_bucket","uniqueAttributes":{"qualifiedName":".*"}},{"typeName":"avro_type","uniqueAttributes":{"qualifiedName":".*"}},{"typeName":"aws_s3_object","uniqueAttributes":{"qualifiedName":".*"}},{"typeName":"fs_path","uniqueAttributes":{"qualifiedName":".*"}},{"typeName":"m4i_system","uniqueAttributes":{"qualifiedName":".*"}},{"typeName":"spark_storagedesc","uniqueAttributes":{"qualifiedName":".*"}},{"typeName":"m4i_data_quality","uniqueAttributes":{"qualifiedName":".*"}},{"typeName":"aws_s3_v2_bucket","uniqueAttributes":{"qualifiedName":".*"}},{"typeName":"rdbms_foreign_key","uniqueAttributes":{"qualifiedName":".*"}},{"typeName":"falcon_feed_replication","uniqueAttributes":{"qualifiedName":".*"}},{"typeName":"avro_fixed","uniqueAttributes":{"qualifiedName":".*"}},{"typeName":"falcon_feed_creation","uniqueAttributes":{"qualifiedName":".*"}},{"typeName":"gcp_storage_bucket","uniqueAttributes":{"qualifiedName":".*"}},{"typeName":"impala_process_execution","uniqueAttributes":{"qualifiedName":".*"}},{"typeName":"adls_gen2_child","uniqueAttributes":{"qualifiedName":".*"}},{"typeName":"hive_db_ddl","uniqueAttributes":{"qualifiedName":".*"}},{"typeName":"ml_model_train_build_process","uniqueAttributes":{"qualifiedName":".*"}},{"typeName":"__AtlasUserProfile","uniqueAttributes":{"qualifiedName":".*"}},{"typeName":"aws_s3_pseudo_dir","uniqueAttributes":{"qualifiedName":".*"}},{"typeName":"ml_project_create_process","uniqueAttributes":{"qualifiedName":".*"}},{"typeName":"sqoop_dbdatastore","uniqueAttributes":{"qualifiedName":".*"}},{"typeName":"hbase_namespace","uniqueAttributes":{"qualifiedName":".*"}},{"typeName":"hive_process","uniqueAttributes":{"qualifiedName":".*"}},{"typeName":"impala_process","uniqueAttributes":{"qualifiedName":".*"}},{"typeName":"rdbms_instance","uniqueAttributes":{"qualifiedName":".*"}},{"typeName":"ozone_child","uniqueAttributes":{"qualifiedName":".*"}},{"typeName":"Infrastructure","uniqueAttributes":{"qualifiedName":".*"}},{"typeName":"storm_spout","uniqueAttributes":{"qualifiedName":".*"}},{"typeName":"hive_table_ddl","uniqueAttributes":{"qualifiedName":".*"}},{"typeName":"Path","uniqueAttributes":{"qualifiedName":".*"}},{"typeName":"m4i_field","uniqueAttributes":{"qualifiedName":".*"}},{"typeName":"kafka_topic","uniqueAttributes":{"qualifiedName":".*"}},{"typeName":"ozone_bucket","uniqueAttributes":{"qualifiedName":".*"}},{"typeName":"ml_model_deploy_process","uniqueAttributes":{"qualifiedName":".*"}},{"typeName":"AtlasGlossaryTerm","uniqueAttributes":{"qualifiedName":".*"}},{"typeName":"hive_column_lineage","uniqueAttributes":{"qualifiedName":".*"}},{"typeName":"rdbms_index","uniqueAttributes":{"qualifiedName":".*"}},{"typeName":"aws_s3_v2_directory","uniqueAttributes":{"qualifiedName":".*"}},{"typeName":"ml_model_build","uniqueAttributes":{"qualifiedName":".*"}},{"typeName":"adls_gen2_container","uniqueAttributes":{"qualifiedName":".*"}},{"typeName":"__ExportImportAuditEntry","uniqueAttributes":{"qualifiedName":".*"}},{"typeName":"aws_s3_v2_container","uniqueAttributes":{"qualifiedName":".*"}},{"typeName":"m4i_person","uniqueAttributes":{"qualifiedName":".*"}},{"typeName":"Process","uniqueAttributes":{"qualifiedName":".*"}},{"typeName":"m4i_gov_data_quality","uniqueAttributes":{"qualifiedName":".*"}},{"typeName":"avro_primitive","uniqueAttributes":{"qualifiedName":".*"}},{"typeName":"aws_s3_v2_contained","uniqueAttributes":{"qualifiedName":".*"}},{"typeName":"impala_column_lineage","uniqueAttributes":{"qualifiedName":".*"}},{"typeName":"m4i_data_entity","uniqueAttributes":{"qualifiedName":".*"}},{"typeName":"jms_topic","uniqueAttributes":{"qualifiedName":".*"}},{"typeName":"falcon_feed","uniqueAttributes":{"qualifiedName":".*"}},{"typeName":"hbase_column_family","uniqueAttributes":{"qualifiedName":".*"}},{"typeName":"hive_process_execution","uniqueAttributes":{"qualifiedName":".*"}},{"typeName":"m4i_source","uniqueAttributes":{"qualifiedName":".*"}},{"typeName":"avro_schema","uniqueAttributes":{"qualifiedName":".*"}},{"typeName":"flink_process","uniqueAttributes":{"qualifiedName":".*"}},{"typeName":"spark_ml_pipeline","uniqueAttributes":{"qualifiedName":".*"}},{"typeName":"avro_record","uniqueAttributes":{"qualifiedName":".*"}},{"typeName":"spark_process","uniqueAttributes":{"qualifiedName":".*"}},{"typeName":"m4i_archimate_project","uniqueAttributes":{"qualifiedName":".*"}},{"typeName":"aws_s3_v2_base","uniqueAttributes":{"qualifiedName":".*"}},{"typeName":"adls_gen2_directory","uniqueAttributes":{"qualifiedName":".*"}},{"typeName":"spark_application","uniqueAttributes":{"qualifiedName":".*"}},{"typeName":"gcp_storage_parent","uniqueAttributes":{"qualifiedName":".*"}},{"typeName":"__AtlasAuditEntry","uniqueAttributes":{"qualifiedName":".*"}},{"typeName":"storm_bolt","uniqueAttributes":{"qualifiedName":".*"}},{"typeName":"falcon_cluster","uniqueAttributes":{"qualifiedName":".*"}},{"typeName":"falcon_process","uniqueAttributes":{"qualifiedName":".*"}},{"typeName":"gcp_storage_base","uniqueAttributes":{"qualifiedName":".*"}},{"typeName":"spark_ml_directory","uniqueAttributes":{"qualifiedName":".*"}},{"typeName":"AtlasGlossaryCategory","uniqueAttributes":{"qualifiedName":".*"}},{"typeName":"avro_field","uniqueAttributes":{"qualifiedName":".*"}},{"typeName":"hive_db","uniqueAttributes":{"qualifiedName":".*"}},{"typeName":"hbase_column","uniqueAttributes":{"qualifiedName":".*"}},{"typeName":"AtlasServer","uniqueAttributes":{"qualifiedName":".*"}},{"typeName":"gcp_storage_virtual_directory","uniqueAttributes":{"qualifiedName":".*"}},{"typeName":"ProcessExecution","uniqueAttributes":{"qualifiedName":".*"}},{"typeName":"hbase_table","uniqueAttributes":{"qualifiedName":".*"}},{"typeName":"rdbms_table","uniqueAttributes":{"qualifiedName":".*"}},{"typeName":"storm_topology","uniqueAttributes":{"qualifiedName":".*"}},{"typeName":"rdbms_db","uniqueAttributes":{"qualifiedName":".*"}},{"typeName":"flink_application_processes","uniqueAttributes":{"qualifiedName":".*"}},{"typeName":"m4i_collection","uniqueAttributes":{"qualifiedName":".*"}},{"typeName":"adls_gen2_blob","uniqueAttributes":{"qualifiedName":".*"}},{"typeName":"m4i_dataset","uniqueAttributes":{"qualifiedName":".*"}},{"typeName":"ddl","uniqueAttributes":{"qualifiedName":".*"}},{"typeName":"AtlasGlossary","uniqueAttributes":{"qualifiedName":".*"}},{"typeName":"hive_storagedesc","uniqueAttributes":{"qualifiedName":".*"}},{"typeName":"hdfs_path","uniqueAttributes":{"qualifiedName":".*"}},{"typeName":"sqoop_process","uniqueAttributes":{"qualifiedName":".*"}},{"typeName":"ozone_parent","uniqueAttributes":{"qualifiedName":".*"}},{"typeName":"ozone_key","uniqueAttributes":{"qualifiedName":".*"}},{"typeName":"avro_enum","uniqueAttributes":{"qualifiedName":".*"}},{"typeName":"spark_db","uniqueAttributes":{"qualifiedName":".*"}}],"options":{"matchType":"matches"},"fetchTypeOptionValue":"full","skipLineageOptionValue":false,"matchTypeOptionValue":"matches","changeTokenFromOptions":0},"userName":"atlas","clientIpAddress":"10.0.2.31","hostName":"10.0.2.37","timeStamp":1731400722129,"metrics":{"entity:withExtInfo":692,"entity:m4i_gov_data_quality":100,"entity:m4i_field":264,"entity:m4i_dataset":22,"entity:m4i_source":3,"entity:m4i_data_domain":9,"entity:m4i_system":13,"duration":14424,"entity:m4i_data_attribute":157,"entity:m4i_data_entity":16,"entity:m4i_collection":13,"entity:m4i_generic_process":19,"entity:m4i_data_quality":50,"entity:m4i_person":26},"operationStatus":"PARTIAL_SUCCESS","sourceClusterName":"default","changeMarker":1731338636620}