{"referredEntities":{},"entity":{"typeName":"m4i_dataset","attributes":{"owner":null,"archimateReference":[],"replicatedTo":null,"userDescription":null,"replicatedFrom":null,"qualifiedName":"telegraf--telegraf-metrics--telegraf--telegraf-metrics--iotmetricsbucket","displayName":null,"description":null,"source":[],"parentDataset":[],"childDataset":[],"collections":[{"guid":"9915c74c-4fa8-4d7b-8ee6-ac3dc5a3977a","typeName":"m4i_collection","uniqueAttributes":{"qualifiedName":"telegraf--telegraf-metrics"}}],"name":"iot-metrics-bucket","definition":null,"typeAlias":null,"fields":[{"guid":"c96e945f-07b2-4cee-b629-a435e8b5648e","typeName":"m4i_field","uniqueAttributes":{"qualifiedName":"telegraf--telegraf-metrics--iotmetricsbucket--total-power"}},{"guid":"37e90cc9-acc6-4cee-9797-3adbee9d81ae","typeName":"m4i_field","uniqueAttributes":{"qualifiedName":"telegraf--telegraf-metrics--iotmetricsbucket--product-counter"}},{"guid":"d0f1a787-d0f3-4804-9c81-6b0607f9adea","typeName":"m4i_field","uniqueAttributes":{"qualifiedName":"telegraf--telegraf-metrics--iotmetricsbucket--scrap-counter"}},{"guid":"44bab3f9-31d3-4439-a414-5d4321f1870c","typeName":"m4i_field","uniqueAttributes":{"qualifiedName":"telegraf--telegraf-metrics--iotmetricsbucket--motor-temperature"}},{"guid":"bcde54d4-f0e1-4893-8079-9b0b23616b48","typeName":"m4i_field","uniqueAttributes":{"qualifiedName":"telegraf--telegraf-metrics--iotmetricsbucket--next-order-number"}},{"guid":"18d0a080-7a7c-4b31-b4d5-2927cf51b2f0","typeName":"m4i_field","uniqueAttributes":{"qualifiedName":"telegraf--telegraf-metrics--iotmetricsbucket--current-order"}},{"guid":"fbbedcf9-f1e8-4f91-9ba3-ae0183f28cc9","typeName":"m4i_field","uniqueAttributes":{"qualifiedName":"telegraf--telegraf-metrics--iotmetricsbucket--state"}},{"guid":"67fcfe99-5135-401d-bfb2-b7612983fb4a","typeName":"m4i_field","uniqueAttributes":{"qualifiedName":"telegraf--telegraf-metrics--iotmetricsbucket--air-pressure"}}]},"guid":"bc0da9e1-f782-4b35-a20e-e5ca470cc1f2","isIncomplete":false,"status":"ACTIVE","createdBy":"atlas","updatedBy":"atlas","createTime":1731339177703,"updateTime":1731339182618,"version":0,"relationshipAttributes":{"inputToProcesses":[{"guid":"7116f0f0-331d-4986-98d4-b0869c998aea","typeName":"m4i_generic_process","entityStatus":"ACTIVE","displayText":"Data Transfer","relationshipType":"dataset_process_inputs","relationshipGuid":"3abb4220-705e-4572-8cb6-40b1e180c440","relationshipStatus":"ACTIVE","relationshipAttributes":{"typeName":"dataset_process_inputs"}}],"pipeline":null,"schema":[],"ArchiMateReference":[],"childDataset":[],"collections":[{"guid":"9915c74c-4fa8-4d7b-8ee6-ac3dc5a3977a","typeName":"m4i_collection","entityStatus":"ACTIVE","displayText":"Telegraf Metrics","relationshipType":"m4i_dataset_assignment","relationshipGuid":"65962ddc-9541-42fe-9d5a-def32fce0d87","relationshipStatus":"ACTIVE","relationshipAttributes":{"typeName":"m4i_dataset_assignment"}}],"model":null,"source":[{"guid":"5ba0e597-11f7-40e0-8a10-0100d861a8de","typeName":"m4i_source","entityStatus":"ACTIVE","displayText":"Data Dictionary in IoT Terms.xlsm","relationshipType":"m4i_referenceable_source_assignment","relationshipGuid":"58a13806-e450-4e42-9146-2c49991f61b5","relationshipStatus":"ACTIVE","relationshipAttributes":{"typeName":"m4i_referenceable_source_assignment"}}],"fields":[{"guid":"c96e945f-07b2-4cee-b629-a435e8b5648e","typeName":"m4i_field","entityStatus":"ACTIVE","displayText":"Total Power","relationshipType":"m4i_field_assignment","relationshipGuid":"313f936a-8d7e-4379-8ec3-ca14de68ab65","relationshipStatus":"ACTIVE","relationshipAttributes":{"typeName":"m4i_field_assignment","attributes":{"typeInformation":null}}},{"guid":"37e90cc9-acc6-4cee-9797-3adbee9d81ae","typeName":"m4i_field","entityStatus":"ACTIVE","displayText":"Product Counter","relationshipType":"m4i_field_assignment","relationshipGuid":"8ed9a4d1-fa94-42da-bdee-64908a20f7b2","relationshipStatus":"ACTIVE","relationshipAttributes":{"typeName":"m4i_field_assignment","attributes":{"typeInformation":null}}},{"guid":"d0f1a787-d0f3-4804-9c81-6b0607f9adea","typeName":"m4i_field","entityStatus":"ACTIVE","displayText":"Scrap Counter","relationshipType":"m4i_field_assignment","relationshipGuid":"6dc42020-7f07-4df7-840d-f5dabd9a3766","relationshipStatus":"ACTIVE","relationshipAttributes":{"typeName":"m4i_field_assignment","attributes":{"typeInformation":null}}},{"guid":"44bab3f9-31d3-4439-a414-5d4321f1870c","typeName":"m4i_field","entityStatus":"ACTIVE","displayText":"Motor Temperature","relationshipType":"m4i_field_assignment","relationshipGuid":"3a7188f5-f3b6-42ec-b89f-603db34cfd2f","relationshipStatus":"ACTIVE","relationshipAttributes":{"typeName":"m4i_field_assignment","attributes":{"typeInformation":null}}},{"guid":"bcde54d4-f0e1-4893-8079-9b0b23616b48","typeName":"m4i_field","entityStatus":"ACTIVE","displayText":"Next Order Number","relationshipType":"m4i_field_assignment","relationshipGuid":"9eda9eb0-8d6b-4245-99b5-5f66ed064bd2","relationshipStatus":"ACTIVE","relationshipAttributes":{"typeName":"m4i_field_assignment","attributes":{"typeInformation":null}}},{"guid":"18d0a080-7a7c-4b31-b4d5-2927cf51b2f0","typeName":"m4i_field","entityStatus":"ACTIVE","displayText":"Current Order","relationshipType":"m4i_field_assignment","relationshipGuid":"747b8006-ab6a-4f7f-a56b-7d34c39f3ce5","relationshipStatus":"ACTIVE","relationshipAttributes":{"typeName":"m4i_field_assignment","attributes":{"typeInformation":null}}},{"guid":"fbbedcf9-f1e8-4f91-9ba3-ae0183f28cc9","typeName":"m4i_field","entityStatus":"ACTIVE","displayText":"State","relationshipType":"m4i_field_assignment","relationshipGuid":"ebea8012-79f2-4c50-9f9f-132555cd5b47","relationshipStatus":"ACTIVE","relationshipAttributes":{"typeName":"m4i_field_assignment","attributes":{"typeInformation":null}}},{"guid":"67fcfe99-5135-401d-bfb2-b7612983fb4a","typeName":"m4i_field","entityStatus":"ACTIVE","displayText":"Air Pressure","relationshipType":"m4i_field_assignment","relationshipGuid":"e3f54c1c-229e-4cb5-996b-512021a072dc","relationshipStatus":"ACTIVE","relationshipAttributes":{"typeName":"m4i_field_assignment","attributes":{"typeInformation":null}}}],"parentDataset":[],"meanings":[],"outputFromProcesses":[{"guid":"8c44a892-a40d-4541-b80f-cede9ea2f15a","typeName":"m4i_generic_process","entityStatus":"ACTIVE","displayText":"Data Transformation","relationshipType":"process_dataset_outputs","relationshipGuid":"8f8baf73-f3fb-46c2-b6b0-302a733402f5","relationshipStatus":"ACTIVE","relationshipAttributes":{"typeName":"process_dataset_outputs"}}]},"labels":[]}}