{"referredEntities":{},"entity":{"typeName":"m4i_data_domain","attributes":{"archimateReference":[],"replicatedTo":null,"replicatedFrom":null,"qualifiedName":"order-management","domainLead":[],"name":"Order Management","dataEntity":[{"guid":"b2cef95b-d46a-42e6-9ec4-6ca8f2d57d07","typeName":"m4i_data_entity","uniqueAttributes":{"qualifiedName":"order-management--order-processing-and-fulfillment"}},{"guid":"8238db6d-5b6f-486e-9ede-336ddf4694e7","typeName":"m4i_data_entity","uniqueAttributes":{"qualifiedName":"order-management--customer-order"}}],"definition":"Order Management refers to the process of tracking and managing customer orders from initiation to fulfillment. It ensures that production aligns with customer demands and that orders are fulfilled on time. The data in this domain typically involves tracking current and upcoming orders, their statuses, order priorities, and the logistical flow from receipt to delivery.","source":[],"typeAlias":null},"guid":"bda7a2d3-d4de-4801-b796-eb06efb67690","isIncomplete":false,"status":"ACTIVE","createdBy":"atlas","updatedBy":"atlas","createTime":1731339178234,"updateTime":1731339178634,"version":0,"relationshipAttributes":{"ArchiMateReference":[],"domainLead":[],"dataEntity":[{"guid":"b2cef95b-d46a-42e6-9ec4-6ca8f2d57d07","typeName":"m4i_data_entity","entityStatus":"ACTIVE","displayText":"Order Processing and Fulfillment","relationshipType":"m4i_data_entity_assignment","relationshipGuid":"f8aff087-0fd8-483d-bc31-fd06349b2bd5","relationshipStatus":"ACTIVE","relationshipAttributes":{"typeName":"m4i_data_entity_assignment"}},{"guid":"8238db6d-5b6f-486e-9ede-336ddf4694e7","typeName":"m4i_data_entity","entityStatus":"ACTIVE","displayText":"Customer Order","relationshipType":"m4i_data_entity_assignment","relationshipGuid":"5e51c64e-1b35-45c3-acc6-bfdd6bada373","relationshipStatus":"ACTIVE","relationshipAttributes":{"typeName":"m4i_data_entity_assignment"}}],"source":[{"guid":"5ba0e597-11f7-40e0-8a10-0100d861a8de","typeName":"m4i_source","entityStatus":"ACTIVE","displayText":"Data Dictionary in IoT Terms.xlsm","relationshipType":"m4i_referenceable_source_assignment","relationshipGuid":"c382908f-78e1-4844-b81e-5f926d361d8e","relationshipStatus":"ACTIVE","relationshipAttributes":{"typeName":"m4i_referenceable_source_assignment"}}],"meanings":[]},"labels":[]}}