{"referredEntities":{},"entity":{"typeName":"m4i_collection","attributes":{"archimateReference":[],"replicatedTo":null,"replicatedFrom":null,"systems":[{"guid":"0f37c0d4-dbbd-4e5b-ae29-3cdaf7875391","typeName":"m4i_system","uniqueAttributes":{"qualifiedName":"grafana"}}],"qualifiedName":"grafana--grafana-dashboards","name":"Grafana Dashboards","definition":null,"source":[],"datasets":[{"guid":"9330a831-894b-45e2-9101-eb75d3a46f5a","typeName":"m4i_dataset","uniqueAttributes":{"qualifiedName":"grafana--grafana-dashboards--grafana--grafana-dashboards--production-kpi"}}],"typeAlias":null},"guid":"fcf7023d-492d-4678-97e6-2b3503e677a9","isIncomplete":false,"status":"ACTIVE","createdBy":"atlas","updatedBy":"atlas","createTime":1731339177186,"updateTime":1731339177703,"version":0,"relationshipAttributes":{"ArchiMateReference":[],"systems":[{"guid":"0f37c0d4-dbbd-4e5b-ae29-3cdaf7875391","typeName":"m4i_system","entityStatus":"ACTIVE","displayText":"Grafana","relationshipType":"m4i_collection_assignment","relationshipGuid":"7987d6e4-40fa-4540-b00f-81012cad8266","relationshipStatus":"ACTIVE","relationshipAttributes":{"typeName":"m4i_collection_assignment"}}],"datasets":[{"guid":"9330a831-894b-45e2-9101-eb75d3a46f5a","typeName":"m4i_dataset","entityStatus":"ACTIVE","displayText":"Production KPI","relationshipType":"m4i_dataset_assignment","relationshipGuid":"5f346d94-2c46-42a5-93e3-867fa2d8560b","relationshipStatus":"ACTIVE","relationshipAttributes":{"typeName":"m4i_dataset_assignment"}}],"source":[{"guid":"5ba0e597-11f7-40e0-8a10-0100d861a8de","typeName":"m4i_source","entityStatus":"ACTIVE","displayText":"Data Dictionary in IoT Terms.xlsm","relationshipType":"m4i_referenceable_source_assignment","relationshipGuid":"1169fbe8-9fae-4014-a16c-48ec5b3e2a7e","relationshipStatus":"ACTIVE","relationshipAttributes":{"typeName":"m4i_referenceable_source_assignment"}}],"meanings":[]},"labels":[]}}