{"referredEntities":{},"entity":{"typeName":"m4i_gov_data_quality","attributes":{"owner":null,"archimateReference":[],"expression":"length('systems', 1)","replicatedTo":null,"userDescription":null,"replicatedFrom":null,"qualifiedName":"m4i_collection--systems","displayName":null,"description":null,"active":true,"source":[],"ruleDescription":"A collection should belong to a system","nonCompliantMessage":"This collection should belong to a system","ruleType":"relationship","name":"Collection belongs to a system","compliantMessage":"This collection belongs to a system","id":2,"qualityDimension":"completeness","typeAlias":null,"expressionVersion":"1"},"guid":"198cbc37-3ec8-4eb0-a1a3-372240e37e29","isIncomplete":false,"provenanceType":0,"status":"ACTIVE","createdBy":"admin","updatedBy":"atlas","createTime":1656522427794,"updateTime":1732524242644,"version":0,"relationshipAttributes":{"inputToProcesses":[],"pipeline":null,"schema":[],"ArchiMateReference":[],"model":null,"source":[],"meanings":[],"outputFromProcesses":[]},"labels":[],"proxy":false}}