{"referredEntities":{},"entity":{"typeName":"m4i_gov_data_quality","attributes":{"owner":null,"archimateReference":[],"expression":"completeness('email')","replicatedTo":null,"userDescription":null,"replicatedFrom":null,"qualifiedName":"m4i_person--email","displayName":null,"description":null,"active":true,"source":[],"ruleDescription":"A person should have an email address","nonCompliantMessage":"This person should have an email address","ruleType":"attribute","name":"Person has an email address","compliantMessage":"This person has an email address","id":2,"qualityDimension":"completeness","typeAlias":null,"expressionVersion":"1"},"guid":"1b7e2141-638d-4270-906e-a33d0ebb529a","isIncomplete":false,"provenanceType":0,"status":"ACTIVE","createdBy":"admin","updatedBy":"atlas","createTime":1656522427794,"updateTime":1732524242644,"version":0,"relationshipAttributes":{"inputToProcesses":[],"pipeline":null,"schema":[],"ArchiMateReference":[],"model":null,"source":[],"meanings":[],"outputFromProcesses":[]},"labels":[],"proxy":false}}