{"referredEntities":{},"entity":{"typeName":"m4i_gov_data_quality","attributes":{"owner":null,"archimateReference":[],"expression":"completeness('name')","replicatedTo":null,"userDescription":null,"replicatedFrom":null,"qualifiedName":"m4i_system--name","displayName":null,"description":null,"active":true,"source":[],"ruleDescription":"A system should have a name","nonCompliantMessage":"This system should have a name","ruleType":"attribute","name":"System has a name","compliantMessage":"This system has a name","id":1,"qualityDimension":"completeness","typeAlias":null,"expressionVersion":"1"},"guid":"1ccb2110-d037-48d2-8e1c-087cb20c7470","isIncomplete":false,"provenanceType":0,"status":"ACTIVE","createdBy":"admin","updatedBy":"atlas","createTime":1656522427794,"updateTime":1732524242644,"version":0,"relationshipAttributes":{"inputToProcesses":[],"pipeline":null,"schema":[],"ArchiMateReference":[],"model":null,"source":[],"meanings":[],"outputFromProcesses":[]},"labels":[],"proxy":false}}