{
    "referredEntities": {},
    "entity": {
        "typeName": "m4i_gov_data_quality",
        "attributes": {
            "owner": null,
            "archimateReference": [],
            "expression": "length('dataDomain', 1)",
            "replicatedTo": null,
            "userDescription": null,
            "replicatedFrom": null,
            "qualifiedName": "m4i_data_entity--dataDomain",
            "displayName": null,
            "description": null,
            "active": true,
            "source": [],
            "ruleDescription": "A data entity should belong to at least one data domain",
            "nonCompliantMessage": "This data entity should have at least one data domain",
            "ruleType": "relationship",
            "name": "Data entity belongs to a data domain",
            "compliantMessage": "This data entity has at least one data domain",
            "id": 6,
            "qualityDimension": "completeness",
            "typeAlias": null,
            "expressionVersion": "1"
        },
        "guid": "67016681-52da-4402-8bfc-1f01ccc29196",
        "isIncomplete": false,
        "provenanceType": 0,
        "status": "ACTIVE",
        "createdBy": "admin",
        "updatedBy": "atlas",
        "createTime": 1656522427794,
        "updateTime": 1732524242644,
        "version": 0,
        "relationshipAttributes": {
            "inputToProcesses": [],
            "pipeline": null,
            "schema": [],
            "ArchiMateReference": [],
            "model": null,
            "source": [],
            "meanings": [],
            "outputFromProcesses": []
        },
        "labels": [],
        "proxy": false
    }
}