{"referredEntities":{},"entity":{"typeName":"m4i_gov_data_quality","attributes":{"owner":null,"archimateReference":[],"expression":"completeness('definition')","replicatedTo":null,"userDescription":null,"replicatedFrom":null,"qualifiedName":"m4i_system--definition","displayName":null,"description":null,"active":true,"source":[],"ruleDescription":"A system should have a definition","nonCompliantMessage":"This system should have a definition","ruleType":"attribute","name":"System has a definition","compliantMessage":"This system has a definition","id":1,"qualityDimension":"completeness","typeAlias":null,"expressionVersion":"1"},"guid":"79e26ae1-23a8-4d76-8cb0-28a03b7c9c19","isIncomplete":false,"provenanceType":0,"status":"ACTIVE","createdBy":"admin","updatedBy":"atlas","createTime":1656522427794,"updateTime":1732524242644,"version":0,"relationshipAttributes":{"inputToProcesses":[],"pipeline":null,"schema":[],"ArchiMateReference":[],"model":null,"source":[],"meanings":[],"outputFromProcesses":[]},"labels":[],"proxy":false}}