{"referredEntities":{},"entity":{"typeName":"m4i_gov_data_quality","attributes":{"owner":null,"archimateReference":[],"expression":"length('steward', 1)","replicatedTo":null,"userDescription":null,"replicatedFrom":null,"qualifiedName":"m4i_data_attribute--steward","displayName":null,"description":null,"active":true,"source":[],"ruleDescription":"A data attribute should have at least one data steward","nonCompliantMessage":"This data attribute should have at least one data steward","ruleType":"relationship","name":"Data attribute has a steward","compliantMessage":"This data attribute has at least one data steward","id":9,"qualityDimension":"completeness","typeAlias":null,"expressionVersion":"1"},"guid":"7c875ccb-b38e-4669-96ea-2b5391245461","isIncomplete":false,"provenanceType":0,"status":"ACTIVE","createdBy":"admin","updatedBy":"atlas","createTime":1656522427794,"updateTime":1732524242644,"version":0,"relationshipAttributes":{"inputToProcesses":[],"pipeline":null,"schema":[],"ArchiMateReference":[],"model":null,"source":[],"meanings":[],"outputFromProcesses":[]},"labels":[],"proxy":false}}