{"referredEntities":{},"entity":{"typeName":"m4i_gov_data_quality","attributes":{"owner":null,"archimateReference":[],"expression":"completeness('name')","replicatedTo":null,"userDescription":null,"replicatedFrom":null,"qualifiedName":"m4i_collection--name","displayName":null,"description":null,"active":true,"source":[],"ruleDescription":"A collection should have a name","nonCompliantMessage":"This collection should have a name","ruleType":"attribute","name":"Collection has a name","compliantMessage":"This collection has a name","id":1,"qualityDimension":"completeness","typeAlias":null,"expressionVersion":"1"},"guid":"b7e35a21-90ef-43db-949b-8fedba5c1fec","isIncomplete":false,"provenanceType":0,"status":"ACTIVE","createdBy":"admin","updatedBy":"atlas","createTime":1656522427794,"updateTime":1732524242644,"version":0,"relationshipAttributes":{"inputToProcesses":[],"pipeline":null,"schema":[],"ArchiMateReference":[],"model":null,"source":[],"meanings":[],"outputFromProcesses":[]},"labels":[],"proxy":false}}