{"referredEntities":{},"entity":{"typeName":"m4i_gov_data_quality","attributes":{"owner":null,"archimateReference":[],"expression":"completeness('definition')","replicatedTo":null,"userDescription":null,"replicatedFrom":null,"qualifiedName":"m4i_field--definition","displayName":null,"description":null,"active":true,"source":[],"ruleDescription":"A field should have a definition","nonCompliantMessage":"This field should have a definition","ruleType":"attribute","name":"Field has a definition","compliantMessage":"This field has a definition","id":2,"qualityDimension":"completeness","typeAlias":null,"expressionVersion":"1"},"guid":"c141319d-a0a5-428b-80ed-e76c7f480e39","isIncomplete":false,"provenanceType":0,"status":"ACTIVE","createdBy":"admin","updatedBy":"atlas","createTime":1656522427794,"updateTime":1732524242644,"version":0,"relationshipAttributes":{"inputToProcesses":[],"pipeline":null,"schema":[],"ArchiMateReference":[],"model":null,"source":[],"meanings":[],"outputFromProcesses":[]},"labels":[],"proxy":false}}