{"referredEntities":{},"entity":{"typeName":"m4i_gov_data_quality","attributes":{"owner":null,"archimateReference":[],"expression":"completeness('definition')","replicatedTo":null,"userDescription":null,"replicatedFrom":null,"qualifiedName":"m4i_collection--definition","displayName":null,"description":null,"active":true,"source":[],"ruleDescription":"A collection should have a definition","nonCompliantMessage":"This collection should have a definition","ruleType":"attribute","name":"Collection has a definition","compliantMessage":"This collection has a definition","id":1,"qualityDimension":"completeness","typeAlias":null,"expressionVersion":"1"},"guid":"c1f19da8-a7f8-45f5-8d3a-d1d16332b08f","isIncomplete":false,"provenanceType":0,"status":"ACTIVE","createdBy":"admin","updatedBy":"atlas","createTime":1656522427794,"updateTime":1732524242644,"version":0,"relationshipAttributes":{"inputToProcesses":[],"pipeline":null,"schema":[],"ArchiMateReference":[],"model":null,"source":[],"meanings":[],"outputFromProcesses":[]},"labels":[],"proxy":false}}