{"referredEntities":{},"entity":{"typeName":"m4i_gov_data_quality","attributes":{"owner":null,"archimateReference":[],"expression":"length('attributes', 1)","replicatedTo":null,"userDescription":null,"replicatedFrom":null,"qualifiedName":"m4i_data_entity--attributes","displayName":null,"description":null,"active":true,"source":[],"ruleDescription":"A data entity should have at least one data attribute","nonCompliantMessage":"This data entity should have at least one data attribute","ruleType":"relationship","name":"Data entity has a data attribute","compliantMessage":"This data entity has at least one data attribute","id":10,"qualityDimension":"completeness","typeAlias":null,"expressionVersion":"1"},"guid":"c4d10911-7661-4058-a2df-a25fbed0e093","isIncomplete":false,"provenanceType":0,"status":"ACTIVE","createdBy":"admin","updatedBy":"atlas","createTime":1656522427794,"updateTime":1732524242644,"version":0,"relationshipAttributes":{"inputToProcesses":[],"pipeline":null,"schema":[],"ArchiMateReference":[],"model":null,"source":[],"meanings":[],"outputFromProcesses":[]},"labels":[],"proxy":false}}