{"referredEntities":{},"entity":{"typeName":"m4i_gov_data_quality","attributes":{"owner":null,"archimateReference":[],"expression":"length('datasets', 1)","replicatedTo":null,"userDescription":null,"replicatedFrom":null,"qualifiedName":"m4i_field--datasets","displayName":null,"description":null,"active":true,"source":[],"ruleDescription":"A field should belong to a dataset","nonCompliantMessage":"This field should belong to a dataset","ruleType":"relationship","name":"Field belongs to a dataset","compliantMessage":"This field belongs to a dataset","id":6,"qualityDimension":"completeness","typeAlias":null,"expressionVersion":"1"},"guid":"cad0a3bf-9f7f-464f-aeb5-9ce97eb993b3","isIncomplete":false,"provenanceType":0,"status":"ACTIVE","createdBy":"admin","updatedBy":"atlas","createTime":1656522427794,"updateTime":1732524242644,"version":0,"relationshipAttributes":{"inputToProcesses":[],"pipeline":null,"schema":[],"ArchiMateReference":[],"model":null,"source":[],"meanings":[],"outputFromProcesses":[]},"labels":[],"proxy":false}}