{"referredEntities":{},"entity":{"typeName":"m4i_gov_data_quality","attributes":{"owner":null,"archimateReference":[],"expression":"length('fields', 1)","replicatedTo":null,"userDescription":null,"replicatedFrom":null,"qualifiedName":"m4i_dataset--fields","displayName":null,"description":null,"active":true,"source":[],"ruleDescription":"A dataset should have at least one field","nonCompliantMessage":"This dataset should have at least one field","ruleType":"relationship","name":"Dataset has a field","compliantMessage":"This dataset has at least one field","id":5,"qualityDimension":"completeness","typeAlias":null,"expressionVersion":"1"},"guid":"cfd24715-125d-46e2-854d-b0c1b16340bf","isIncomplete":false,"provenanceType":0,"status":"ACTIVE","createdBy":"admin","updatedBy":"atlas","createTime":1656522427794,"updateTime":1732524242644,"version":0,"relationshipAttributes":{"inputToProcesses":[],"pipeline":null,"schema":[],"ArchiMateReference":[],"model":null,"source":[],"meanings":[],"outputFromProcesses":[]},"labels":[],"proxy":false}}