{"referredEntities":{},"entity":{"typeName":"m4i_gov_data_quality","attributes":{"owner":null,"archimateReference":[],"expression":"length('dataEntity', 1)","replicatedTo":null,"userDescription":null,"replicatedFrom":null,"qualifiedName":"m4i_data_attribute--dataEntity","displayName":null,"description":null,"active":true,"source":[],"ruleDescription":"A data attribute should belong to a data entity","nonCompliantMessage":"This data attribute should belong to a data entity","ruleType":"relationship","name":"Data attribute belongs to a data entity","compliantMessage":"This data attribute belongs to a data entity","id":7,"qualityDimension":"completeness","typeAlias":null,"expressionVersion":"1"},"guid":"d1952aa1-5d80-4d58-b520-cf2b8915aa8b","isIncomplete":false,"provenanceType":0,"status":"ACTIVE","createdBy":"admin","updatedBy":"atlas","createTime":1656522427794,"updateTime":1732524242644,"version":0,"relationshipAttributes":{"inputToProcesses":[],"pipeline":null,"schema":[],"ArchiMateReference":[],"model":null,"source":[],"meanings":[],"outputFromProcesses":[]},"labels":[],"proxy":false}}