{"referredEntities":{},"entity":{"typeName":"m4i_gov_data_quality","attributes":{"owner":null,"archimateReference":[],"expression":"length('steward', 1)","replicatedTo":null,"userDescription":null,"replicatedFrom":null,"qualifiedName":"m4i_data_entity--steward","displayName":null,"description":null,"active":true,"source":[],"ruleDescription":"A data entity should have at least one data steward","nonCompliantMessage":"This data entity should have at least one data steward","ruleType":"relationship","name":"Data entity has a data steward","compliantMessage":"This data entity has at least one data steward","id":4,"qualityDimension":"completeness","typeAlias":null,"expressionVersion":"1"},"guid":"df633eb3-95fd-47e9-8182-a782f09a9d2a","isIncomplete":false,"provenanceType":0,"status":"ACTIVE","createdBy":"admin","updatedBy":"atlas","createTime":1656522427794,"updateTime":1732524242644,"version":0,"relationshipAttributes":{"inputToProcesses":[],"pipeline":null,"schema":[],"ArchiMateReference":[],"model":null,"source":[],"meanings":[],"outputFromProcesses":[]},"labels":[],"proxy":false}}