{"referredEntities":{},"entity":{"typeName":"m4i_gov_data_quality","attributes":{"owner":null,"archimateReference":[],"expression":"completeness('name')","replicatedTo":null,"userDescription":null,"replicatedFrom":null,"qualifiedName":"m4i_dataset--name","displayName":null,"description":null,"active":true,"source":[],"ruleDescription":"A dataset should have a name","nonCompliantMessage":"This dataset should have a name","ruleType":"attribute","name":"Dataset has a name","compliantMessage":"This dataset has a name","id":1,"qualityDimension":"completeness","typeAlias":null,"expressionVersion":"1"},"guid":"e7c13ff2-f389-462f-aa53-f6652a687f42","isIncomplete":false,"provenanceType":0,"status":"ACTIVE","createdBy":"admin","updatedBy":"atlas","createTime":1656522427794,"updateTime":1732524242644,"version":0,"relationshipAttributes":{"inputToProcesses":[],"pipeline":null,"schema":[],"ArchiMateReference":[],"model":null,"source":[],"meanings":[],"outputFromProcesses":[]},"labels":[],"proxy":false}}