{"referredEntities":{},"entity":{"typeName":"m4i_gov_data_quality","attributes":{"owner":null,"archimateReference":[],"expression":"length('domainLead', 1)","replicatedTo":null,"userDescription":null,"replicatedFrom":null,"qualifiedName":"m4i_data_domain--domainLead","displayName":null,"description":null,"active":true,"source":[],"ruleDescription":"A data domain should have at least one domain lead","nonCompliantMessage":"This data domain should have at least one domain lead","ruleType":"relationship","name":"Data domain has a domain lead","compliantMessage":"This data domain has at least one domain lead","id":5,"qualityDimension":"completeness","typeAlias":null,"expressionVersion":"1"},"guid":"ea0ca02b-c8c6-40f0-9828-f2c90ae71c2b","isIncomplete":false,"provenanceType":0,"status":"ACTIVE","createdBy":"admin","updatedBy":"atlas","createTime":1656522427794,"updateTime":1732524242644,"version":0,"relationshipAttributes":{"inputToProcesses":[],"pipeline":null,"schema":[],"ArchiMateReference":[],"model":null,"source":[],"meanings":[],"outputFromProcesses":[]},"labels":[],"proxy":false}}