{"referredEntities":{},"entity":{"typeName":"m4i_gov_data_quality","attributes":{"owner":null,"archimateReference":[],"expression":"completeness('name')","replicatedTo":null,"userDescription":null,"replicatedFrom":null,"qualifiedName":"m4i_person--name","displayName":null,"description":null,"active":true,"source":[],"ruleDescription":"A person should have a name","nonCompliantMessage":"This person should have a name","ruleType":"attribute","name":"Person has a name","compliantMessage":"This person has a name","id":1,"qualityDimension":"completeness","typeAlias":null,"expressionVersion":"1"},"guid":"f5569602-45a5-4c4b-95b5-bce16f368c4b","isIncomplete":false,"provenanceType":0,"status":"ACTIVE","createdBy":"admin","updatedBy":"atlas","createTime":1656522427794,"updateTime":1732524242644,"version":0,"relationshipAttributes":{"inputToProcesses":[],"pipeline":null,"schema":[],"ArchiMateReference":[],"model":null,"source":[],"meanings":[],"outputFromProcesses":[]},"labels":[],"proxy":false}}