{"referredEntities":{},"entity":{"typeName":"m4i_gov_data_quality","attributes":{"owner":null,"archimateReference":[],"expression":"completeness('definition')","replicatedTo":null,"userDescription":null,"replicatedFrom":null,"qualifiedName":"m4i_data_attribute--definition","displayName":null,"description":null,"active":true,"source":[],"ruleDescription":"A data attribute should have a definition","nonCompliantMessage":"This data attribute should have a definition","ruleType":"attribute","name":"Data attribute has a definition","compliantMessage":"This data attribute has a definition","id":2,"qualityDimension":"completeness","typeAlias":null,"expressionVersion":"1"},"guid":"f6ae2088-3557-4014-a9d7-9ef9a29ad8a8","isIncomplete":false,"provenanceType":0,"status":"ACTIVE","createdBy":"admin","updatedBy":"atlas","createTime":1656522427794,"updateTime":1732524242644,"version":0,"relationshipAttributes":{"inputToProcesses":[],"pipeline":null,"schema":[],"ArchiMateReference":[],"model":null,"source":[],"meanings":[],"outputFromProcesses":[]},"labels":[],"proxy":false}}