{"referredEntities":{},"entity":{"typeName":"m4i_gov_data_quality","attributes":{"owner":null,"archimateReference":[],"expression":"length('collections', 1)","replicatedTo":null,"userDescription":null,"replicatedFrom":null,"qualifiedName":"m4i_dataset--collections","displayName":null,"description":null,"active":true,"source":[],"ruleDescription":"A dataset should belong to a collection","nonCompliantMessage":"This dataset should belong to a collection","ruleType":"relationship","name":"Dataset belongs to a collection","compliantMessage":"This entity has a collections","id":2,"qualityDimension":"completeness","typeAlias":null,"expressionVersion":"1"},"guid":"fb2c608f-d7ff-4574-8c2d-a240c8c79e91","isIncomplete":false,"provenanceType":0,"status":"ACTIVE","createdBy":"admin","updatedBy":"atlas","createTime":1656522427794,"updateTime":1732524242644,"version":0,"relationshipAttributes":{"inputToProcesses":[],"pipeline":null,"schema":[],"ArchiMateReference":[],"model":null,"source":[],"meanings":[],"outputFromProcesses":[]},"labels":[],"proxy":false}}